data;descricao;valor;documento
03/03/2025;PIX RECEBIDO MERCADINHO BOA VISTA;1.250,00;202503030001
03/03/2025;DEB AUTOMATICO NEOENERGIA;-842,37;202503030002
05/03/2025;TED RECEBIDA BUFFET SABOR E ARTE;3.400,00;202503050003
10/03/2025;PAGTO BOLETO EM LOTE;-2.730,50;202503100004
11/03/2025;CIELO CREDITO VENDAS;610,40;202503110005
11/03/2025;CIELO DEBITO VENDAS;523,10;202503110006
12/03/2025;CIELO CREDITO VENDAS;488,90;202503120007
14/03/2025;PAGTO BOLETO IMOBILIARIA;-3.531,20;202503140008
15/03/2025;TARIFA CESTA SERVICOS;-89,90;202503150009
17/03/2025;PIX ENVIADO TECNICO FORNOS;-350,00;202503170010
20/03/2025;RENDIMENTO APLIC AUTOMATICA;12,34;202503200011
24/03/2025;PIX RECEBIDO ENCOMENDA;980,00;202503240012
25/03/2025;PIX RECEBIDO;150,00;202503250013
28/03/2025;PAGAMENTO FOLHA;-6.200,00;202503280014
31/03/2025;IOF;-3,21;202503310015
