data;descrição;valor;documento
03/03/2025;Venda atacado - Mercadinho Boa Vista;1.250,00;NF-1021
03/03/2025;Conta de luz (Neoenergia);-842,37;CP-0301
04/03/2025;Recebimento buffet Sabor e Arte;3.400,00;NF-1022
07/03/2025;Boleto Moinho Nordeste (farinha);-1.500,00;CP-0302
08/03/2025;Boleto Embalagens Recife;-780,50;CP-0303
08/03/2025;Boleto insumos (fermento e açúcar);-450,00;CP-0304
12/03/2025;Vendas no cartão (semana 10);1.622,40;CX-0310
12/03/2025;Aluguel da loja;-3.500,00;CP-0305
17/03/2025;Manutenção do forno;-350,00;CP-0306
19/03/2025;"Recebimento Hotel Mar Azul; café da manhã";2.100,00;NF-1023
24/03/2025;Encomenda de bolos (aniversário);980,00;NF-1024
28/03/2025;Folha de pagamento;-6.200,00;CP-0307
02/04/2025;Boleto Laticínios Agreste (leite);-640,00;CP-0308
